Method,Judgments
logos,2.0
regression,3.2222222222222223
langmodel,33.666666666666664
