x,parse_time,trendline_parse
10,0.073786,
100,0.052841,
1000,0.165637,0.23204657711516363
10000,1.528339,1.3827341355829634
100000,12.803159,12.889609720260962
1000000,127.965621,127.95836556704094
