x,agg_time,trendline_agg
10,19.000356,13.477120185164484
100,173.596132,179.72692375446334
1000,1717.45476,1716.8416808245552
10000,4549.655866,4549.661389235811
