x,parse_time,trendline_parse
10,1.527421,1.390255382304207
100,2.504695,2.656948835642307
1000,14.623135,14.607909616435782
10000,62.520005,62.52014216561766
