Method,Average Precision
logos,0.45
regression,0.41666666666666663
langmodel,0.29166666666666663
