Method,Average Precision
logos,1.0
regression,0.7839506172839505
langmodel,0.05555555555555555
