Method,Average Precision
logos,0.5555555555555556
regression,0.3339322037699536
langmodel,0.04125724363819602
