Length, Parse Time, Prep Time
10,0.073786,0.028782
100,0.052841,0.257197
1000,0.165637,2.075973
10000,1.528339,19.934519
100000,12.803159,198.660864
1000000,127.965621,1993.915313
