Templates, Parse Time, Prep Time
10,1.527421,19.000356
100,2.504695,173.596132
1000,14.623135,1717.454760
10000,62.520005,4549.655866
